status	path	sha256
MODIFIED	pom.xml	c05a84ef21ceb4f864f492f551014720b1feecfd0a5ae63038b496d44e3802da
MODIFIED	src/main/java/com/crypto/CryptoAiTraderApplication.java	815d338fc0dc1a1fbac499cb2ef92b6f83220e83a760ce4c5b8f94df74cba290
MODIFIED	src/main/java/com/crypto/administration/service/CoinConfigurationService.java	fe48e4b456577175f5aa4984eba001a8bbfd4dc339e641070e7ced36347ce112
MODIFIED	src/main/java/com/crypto/client/binance/websocket/BinanceWebSocketManager.java	adf355d80346f93f1f17c4db8cf24b5587a2be8b1afc38b53a6d562530965d28
MODIFIED	src/main/java/com/crypto/client/binance/websocket/CandleGapDiagnostics.java	979b14c12f440f783aadb8a891f7bc708a14b7f05196b4e5e7ff3ba892cd4fe7
MODIFIED	src/main/java/com/crypto/domain/Candle.java	a34eefcabcbd322bf639302ee7c3432be522fd960d24680cbcbcedfeb63f70dc
MODIFIED	src/main/java/com/crypto/execution/processing/SignalProcessingCoordinator.java	5433f39e40a1f233ae916ae9e6511ca22cb743bbf262dd84e3c2e8e48509b8ae
MODIFIED	src/main/java/com/crypto/execution/processing/SignalProcessingFreshness.java	a89794cdbd3e1713edd1d237b70a3598de8405158cc3c8dd5a675b13eece7fc7
MODIFIED	src/main/java/com/crypto/execution/processing/SignalProcessingRecovery.java	f2bfe58f6ce6b4916cb2f515a73f07e3c1327f55ffa588e0c000a7394b5c44b8
MODIFIED	src/main/java/com/crypto/execution/processing/SignalProcessingStore.java	79a4529db257fa100da77b548da6cc20937faf5cda108d3d8e832642a8956c29
MODIFIED	src/main/java/com/crypto/execution/service/ExecutionPriceAuthorityService.java	7d6f1fe2a2a0e5eaa80ad1377d0ac3988cb72974eccda4369a17140c0785fa0d
MODIFIED	src/main/java/com/crypto/health/service/SystemHealthDailyService.java	85dca2a2f74ebfb229fa04a3ed898c7ed721f570ee78875593f4c9be151f0270
MODIFIED	src/main/java/com/crypto/indicator/event/CandleClosedAnalysisWorker.java	c34bbeecd86c3dd522828f17ab9ede6adfbbdea0951e0989407bd5100af30df9
MODIFIED	src/main/java/com/crypto/inspector/service/TradeActivityService.java	3409bf0f88f62845ac65b304261b093101be04904aafed8a4014949401f96db4
MODIFIED	src/main/java/com/crypto/market/service/MarketPriceEventService.java	10e6f047515b14556c1ac965dcee1ca97cfe3ae0161b8f8162d1e1855c2b6b41
MODIFIED	src/main/java/com/crypto/position/service/LivePositionProtectionService.java	1ca720b4986ed8ec1959a9f1ec8fa9d0e89d7e42661cfa6fe01783a66ad58b08
MODIFIED	src/main/java/com/crypto/regression/service/RegressionTestService.java	e67b18d6fde8dfec2ce4d4de4acb1db9a57cc6e97ee1e8b5f35592be4f924682
MODIFIED	src/main/java/com/crypto/regression/service/RegressionTestWorker.java	c4c8f111f94e12707111be4d664181405bf32fa1ff5ac0c642404be02748339b
MODIFIED	src/main/java/com/crypto/repository/CandleRepository.java	fa3f84d882c8fc3bb6229b225424160977fca1782b5152bcd28455dac64ca360
MODIFIED	src/main/java/com/crypto/service/AnalysisService.java	9d90a5b5ddde7b2b723787911e0d6ea74e56fb73700089e3bab1e3cf4f0f2d9a
MODIFIED	src/main/java/com/crypto/service/BinanceKlineService.java	6b1d4205e6b1d5bbcafa62422680f456d2eab6300e24bdedacc69d6c845b5fea
MODIFIED	src/main/java/com/crypto/service/MarketDataBootstrapService.java	25a00b164a466d8081072d2aedfffa081863a2f42eb34ba3c05ba3666465d848
MODIFIED	src/main/java/com/crypto/service/MarketDataService.java	5decee2babae768464aa69af1a7bdf9e03b224d54ba460e70b4a8f00e13414ea
MODIFIED	src/main/java/com/crypto/service/PaperTradingService.java	552c3259ded09a6d3ab7ff27dd1a88b3534c5d0d8f93525f59bf8bfcf1f36f90
MODIFIED	src/main/java/com/crypto/service/ScheduledAnalysisService.java	68c264cd22044ef829ba0d6de1a5fc6d439e4d70e6a8df08d92486cd2e5dd02f
ADDED	src/main/java/com/crypto/shared/CandleInputAudit.java	b345b0193b9f75cae31e9a530e1c05adf18f7eff1478d4cb7cecfcd486735ca6
ADDED	src/main/java/com/crypto/shared/Fix132DiagnosticsController.java	8c30a4418fc3e27db1930b197a6cfd1252c03c3dcaf7f5a956a122d495e4eaee
ADDED	src/main/java/com/crypto/shared/SharedCutoverPolicy.java	76e4a16f5691ffef005f0d7ca69ed1a65bba9c6113272bef6c915ec0019d00cd
ADDED	src/main/java/com/crypto/shared/SharedEventPolicy.java	4617e40866e2d4f136c7be16beffcd9788ca423277414cc3de7836b493aa5f1e
ADDED	src/main/java/com/crypto/shared/SharedMarketConsumer.java	48d58edf5bc638edf75cd47589617ef4c924973c1a4c8516bd8be5441fe553dc
ADDED	src/main/java/com/crypto/shared/SharedMarketSource.java	12bab2982fe440be61591243cdea0e1e3a62ff643ba1dd0282faf5ea0e5f5502
ADDED	src/main/java/com/crypto/shared/SharedRecoveryAuthority.java	5c1aef4c69391fdc7b659d5c31f516f472c55aa7c12926a711a89bea83ad1a64
MODIFIED	src/main/java/com/crypto/wallet/controller/WalletController.java	0460bd667c92f68aa1c19dc639d04ba9dcc9356f75bb5b24f285eeeef567920f
MODIFIED	src/main/java/com/crypto/wallet/repository/WalletAssetRepository.java	730ab26d3d7beea3ccaea428f2c62ee37ed1d0eab456a1b874136fd61a326761
MODIFIED	src/main/java/com/crypto/wallet/repository/WalletSettingsRepository.java	08a6fbba36fef622d21f8b417a6e82ba3a7dd3f381d699d280a2bc9206b95d0f
MODIFIED	src/main/java/com/crypto/wallet/repository/WalletTradeRepository.java	d023e731aadda096b2d70d49709fdaa5cba44ceace31382e0e6ff84de6d62af8
MODIFIED	src/main/java/com/crypto/wallet/service/WalletAutoExecutionService.java	21f2cb0bbe5c5e113c6e12170de10a686aab1b601e2f35efd5e971082aa26d25
ADDED	src/main/java/com/crypto/wallet/service/WalletMutationRepositoryGuard.java	6b5161049a9d2c98109ccc5765f3916097ad747b28763409e9edb8ba6d57d989
MODIFIED	src/main/java/com/crypto/wallet/service/WalletService.java	4c11932561926373a684774d083da01deb63b5f059bd87bdb0bbb699ac3ecbd7
ADDED	src/main/java/com/crypto/wallet/service/WalletTransactionCoordination.java	bbdccb7fb715db16b4d965c631c27568c35f809a5b845a97ad0d7ce6bc0da60c
ADDED	src/main/java/com/fix132/approval/CutoverApprovalApplication.java	6cabde10b912c48ede693795d5650e9c85b2fb41b95dd58bedd5d4d4aead5ef3
ADDED	src/main/java/com/fix132/approval/CutoverApprovalController.java	d1d48588180ffc7764418419bc1658f59c99efcad50ec2888be4380beb1e04c2
ADDED	src/main/java/com/fix132/approval/CutoverApprovalSecurity.java	0ba8a1fbca1919d66049814fa7ac62d446c778f1be99bcb5a1920af260ba087b
ADDED	src/main/java/com/fix132/approval/CutoverApprovalService.java	55a381c350f1852b7230845c8ab037045db590d54989da12c32dc38684ce721b
MODIFIED	src/main/resources/application.yml	1e01c5617c025499328599cc8c41fb21c0e9a3a09220189a8d9037e3d0217753
ADDED	src/main/resources/db/migration/V89__fix_132_shared_market_delivery.sql	1c4ae0ec3024548d38340d3ed10bccca0aab82b60b7e395ef5308ec0280d203e
ADDED	src/main/resources/db/migration/V90__fix_132_delivery_exclusion_reason.sql	9af6992fc86cce08aa16a0be88655f5ea7335638171f220fa8bcc1f4e0cf3de0
ADDED	src/main/resources/db/migration/V91__fix_132_explicit_cutover_ownership.sql	fc3bb241c3729a723cf5716b664c31323c833d9d94a53add8d0109b49862db02
ADDED	src/main/resources/db/migration/V92__fix_125_wallet_coordination.sql	a7d8fc581af7673ea89381f3cc83c10d2b3bcea641afbbf33d6af379c83c9e24
ADDED	src/main/resources/db/migration/V93__fix_132_historical_close_deferral.sql	430f2a1c5408de037605cea923dd6f0de857037419e7ecc7648062cf886764d5
ADDED	src/main/resources/db/migration/V94__fix_132_reviewed_cutover_proposal.sql	8b40e1146b07b2b409eb11d896194287e72ca0c58f43ea354d921b07d85fde4f
MODIFIED	src/main/resources/static/js/fix-registry.js	107e3494201052643f848e23115c450d265f50e08fdf930589b353c56e627cc1
ADDED	src/main/resources/static/js/fix132-delivery.js	75e0983e5854fcb6ba49a6869ad1aea06d256ed2e6d9c6cd7174c81d4798f889
MODIFIED	src/main/resources/static/proven-analyzed-trades.html	2ceca24a820a812f64a49287a8998f3e4f6e33a830006b52a5ff467678c5de3e
ADDED	src/test/java/com/crypto/execution/processing/Fix132RecoveryAuthorityTest.java	223fc3cdc79b1785de559e0b04b6cbff26765ef1c1955c5ae9733ba08b462861
MODIFIED	src/test/java/com/crypto/execution/processing/SignalProcessingCoordinatorTest.java	778d688bcee71d4d8dccab54c6c3b6d87cd8e9a79c355691d6dcd86ba6ce0e9e
MODIFIED	src/test/java/com/crypto/service/CandleClosedAnalysisWorkerTest.java	c02c62a8a5dd844b1cd53f00e6092e7a394b9e12ebda2087c547bb203addfaf9
ADDED	src/test/java/com/crypto/shared/SharedCandleReadTest.java	fab78cfacbbcee390a5cfa401931be37a33f00454b765e6a44e853ce711c9d6c
ADDED	src/test/java/com/crypto/shared/SharedEventPolicyTest.java	468c246555338e971e51f6388229c494e494647cefc397e20dd004f391e59f3a
ADDED	src/test/java/com/crypto/shared/SharedMarketConsumerMySqlIT.java	4bd893296921511c642c5231296a227d9c1ec9fd9d147643c1f86b73f44c8d5d
ADDED	src/test/java/com/crypto/shared/SharedMarketConsumerTest.java	0c7d7a0d9d9ccd4409b32e4a34f7f4263785b5ab980fc0ff61ad2ccbe98afc4c
ADDED	src/test/java/com/crypto/shared/SharedRecoveryAuthorityTest.java	e0f80046f88426a929438217622306f1f16f207c17442aea2ad535ea810634ea
ADDED	src/test/java/com/crypto/wallet/service/Fix125CommitVisibilityGapTest.java	09fa3b0ab0472ab451920cee5a0d8eb696c93a873892e2d136e8fe2a394373ed
ADDED	src/test/java/com/crypto/wallet/service/WalletCoordinationMySqlIT.java	2e2e9db4978ee31e448336142ac8e345627d6cb87948b357501e30ead2faa95f
ADDED	src/test/java/com/crypto/wallet/service/WalletMutationRepositoryGuardTest.java	0dd55014b20eebb828814cb2da15265fbd0656d9275c2de1e535a21cd95d91a8
ADDED	src/test/java/com/fix132/approval/CutoverApprovalIsolationTest.java	075c78595a1868e482c88a15fb4e0d1346bd35499a6abe80021a90854ae4587a
ADDED	src/test/java/com/fix132/approval/CutoverApprovalSecurityTest.java	dd397d5290ad6190da78349474e5a9b645ec896c342c569b65cd5762190e8418
